N,Sequence Name,Peptide,Allele,MHC,TAP,Cle,Comb,%Rank,V_or_WT
0,ENV_17_V_W_20_V,MRVKEKYQHL,HLA-A*01:01,0.019,1.452,0.890125,0.255578,32,V_V
1,ENV_17_V_W_20_V,RVKEKYQHLW,HLA-A*01:01,0.049,1.301,0.718232,0.243127,32,V_V
2,ENV_17_V_W_20_V,VKEKYQHLWR,HLA-A*01:01,0.025,1.584,0.153496,0.099137,50,V_V
3,ENV_17_V_W_20_V,KEKYQHLWRW,HLA-A*01:01,0.019,0.901,0.614816,0.179859,32,V_V
4,ENV_17_V_W_20_V,EKYQHLWRWG,HLA-A*01:01,0.009,-1.262,0.022519,-0.017483,50,V_V
5,ENV_17_V_W_20_V,KYQHLWRWGW,HLA-A*01:01,0.029,1.057,0.402966,0.146092,50,V_V
6,ENV_17_V_W_20_V,YQHLWRWGWK,HLA-A*01:01,0.046,0.651,0.197053,0.106612,50,V_V
7,ENV_17_V_W_20_V,QHLWRWGWKW,HLA-A*01:01,0.025,0.871,0.935698,0.257307,16,V_V
8,ENV_17_V_W_20_V,HLWRWGWKWG,HLA-A*01:01,0.04,-1.344,0.022456,0.011453,50,V_V
9,ENV_17_V_W_20_V,LWRWGWKWGT,HLA-A*01:01,0.018,-0.429,0.179628,0.047691,50,V_V
10,ENV_17_V_W_20_V,WRWGWKWGTM,HLA-A*01:01,0.044,0.704,0.250057,0.117863,50,V_V
11,ENV_17_V_W_20_V,RWGWKWGTML,HLA-A*01:01,0.03,1.226,0.631402,0.202715,32,V_V
12,ENV_17_V_W_20_V,WGWKWGTMLL,HLA-A*01:01,0.087,0.965,0.935562,0.321626,6,V_V
13,ENV_17_V_W_20_V,GWKWGTMLLG,HLA-A*01:01,0.019,-1.386,0.033071,-0.008209,50,V_V
14,ENV_17_V_W_20_V,WKWGTMLLGI,HLA-A*01:01,0.044,0.699,0.041481,0.070808,50,V_V
15,ENV_17_V_W_20_V,KWGTMLLGIL,HLA-A*01:01,0.032,1.089,0.19365,0.102796,50,V_V
16,ENV_17_V_W_20_V,WGTMLLGILM,HLA-A*01:01,0.088,0.076,0.318084,0.161469,50,V_V
17,ENV_17_V_W_20_V,GTMLLGILMI,HLA-A*01:01,0.198,0.343,0.906873,0.410621,3,V_V
18,ENV_17_V_W_20_V,TMLLGILMIC,HLA-A*01:01,0.034,0.103,0.09117,0.057088,50,V_V
19,ENV_17_V_W_20_V,MLLGILMICS,HLA-A*01:01,0.039,-2.151,0.026606,-0.008789,50,V_V
20,ENV_17_V_W_20_V,LLGILMICSA,HLA-A*01:01,0.061,-0.639,0.084304,0.063993,50,V_V
21,ENV_17_V_W_20_V,LGILMICSAT,HLA-A*01:01,0.027,-0.851,0.029957,0.012465,50,V_V
22,ENV_17_V_W_20_V,GILMICSATE,HLA-A*01:01,0.017,-1.55,0.033713,-0.014165,50,V_V
23,ENV_17_V_W_20_V,ILMICSATEK,HLA-A*01:01,0.062,0.542,0.145802,0.108355,50,V_V
24,ENV_17_V_W_20_V,LMICSATEKL,HLA-A*01:01,0.06,1.158,0.161066,0.12519,50,V_V
25,ENV_17_V_W_20_V,MICSATEKLW,HLA-A*01:01,0.068,1.117,0.081932,0.11436,50,V_V
26,ENV_17_V_W_20_V,ICSATEKLWV,HLA-A*01:01,0.064,0.39,0.050505,0.085114,50,V_V
27,ENV_17_V_W_20_V,CSATEKLWVT,HLA-A*01:01,0.123,-0.68,0.062868,0.120145,50,V_V
28,ENV_17_V_W_20_V,SATEKLWVTV,HLA-A*01:01,0.072,0.377,0.789205,0.258996,16,V_V
29,ENV_17_V_W_20_V,ATEKLWVTVY,HLA-A*01:01,0.596,2.957,0.975932,0.88951,0.05,V_V
30,ENV_17_V_W_20_V,TEKLWVTVYY,HLA-A*01:01,0.059,2.92,0.975281,0.351438,4,V_V
0,ENV_17_O1_R_20_,MRVKEKYQHL,HLA-A*01:01,0.019,1.452,0.900103,0.257823,16,O1_V
1,ENV_17_O1_R_20_,RVKEKYQHLW,HLA-A*01:01,0.049,1.301,0.762268,0.253035,32,O1_V
2,ENV_17_O1_R_20_,VKEKYQHLWR,HLA-A*01:01,0.025,1.584,0.23405,0.117261,50,O1_V
3,ENV_17_O1_R_20_,KEKYQHLWRW,HLA-A*01:01,0.019,0.901,0.738935,0.207785,32,O1_V
4,ENV_17_O1_R_20_,EKYQHLWRWG,HLA-A*01:01,0.009,-1.262,0.022502,-0.017487,50,O1_V
5,ENV_17_O1_R_20_,KYQHLWRWGW,HLA-A*01:01,0.029,1.057,0.677251,0.207806,32,O1_V
6,ENV_17_O1_R_20_,YQHLWRWGWK,HLA-A*01:01,0.046,0.651,0.425775,0.158074,50,O1_V
7,ENV_17_O1_R_20_,QHLWRWGWKR,HLA-A*01:01,0.015,1.471,0.78549,0.22851,32,O1_V
8,ENV_17_O1_R_20_,HLWRWGWKRG,HLA-A*01:01,0.036,-1.344,0.02421,0.007847,50,O1_V
9,ENV_17_O1_R_20_,LWRWGWKRGT,HLA-A*01:01,0.013,-0.429,0.091777,0.022925,50,O1_V
10,ENV_17_O1_R_20_,WRWGWKRGTM,HLA-A*01:01,0.035,0.704,0.206504,0.099063,50,O1_V
11,ENV_17_O1_R_20_,RWGWKRGTML,HLA-A*01:01,0.026,1.226,0.534565,0.176927,32,O1_V
12,ENV_17_O1_R_20_,WGWKRGTMLL,HLA-A*01:01,0.067,0.965,0.903574,0.294429,9,O1_V
13,ENV_17_O1_R_20_,GWKRGTMLLG,HLA-A*01:01,0.018,-1.386,0.024062,-0.011236,50,O1_V
14,ENV_17_O1_R_20_,WKRGTMLLGI,HLA-A*01:01,0.028,0.576,0.068628,0.057841,50,O1_V
15,ENV_17_O1_R_20_,KRGTMLLGIL,HLA-A*01:01,0.022,1.049,0.287675,0.112952,50,O1_V
16,ENV_17_O1_R_20_,RGTMLLGILM,HLA-A*01:01,0.058,0.347,0.318084,0.138244,50,O1_V
17,ENV_17_O1_R_20_,GTMLLGILMI,HLA-A*01:01,0.198,0.531,0.906873,0.415321,2,O1_V
18,ENV_17_O1_R_20_,TMLLGILMIC,HLA-A*01:01,0.034,0.103,0.09117,0.057088,50,O1_V
19,ENV_17_O1_R_20_,MLLGILMICS,HLA-A*01:01,0.039,-2.151,0.026606,-0.008789,50,O1_V
20,ENV_17_O1_R_20_,LLGILMICSA,HLA-A*01:01,0.061,-0.639,0.084304,0.063993,50,O1_V
21,ENV_17_O1_R_20_,LGILMICSAT,HLA-A*01:01,0.027,-0.851,0.029957,0.012465,50,O1_V
22,ENV_17_O1_R_20_,GILMICSATE,HLA-A*01:01,0.017,-1.55,0.033713,-0.014165,50,O1_V
23,ENV_17_O1_R_20_,ILMICSATEK,HLA-A*01:01,0.062,0.542,0.145802,0.108355,50,O1_V
24,ENV_17_O1_R_20_,LMICSATEKL,HLA-A*01:01,0.06,1.158,0.161066,0.12519,50,O1_V
25,ENV_17_O1_R_20_,MICSATEKLW,HLA-A*01:01,0.068,1.117,0.081932,0.11436,50,O1_V
26,ENV_17_O1_R_20_,ICSATEKLWV,HLA-A*01:01,0.064,0.39,0.050505,0.085114,50,O1_V
27,ENV_17_O1_R_20_,CSATEKLWVT,HLA-A*01:01,0.123,-0.68,0.062868,0.120145,50,O1_V
28,ENV_17_O1_R_20_,SATEKLWVTV,HLA-A*01:01,0.072,0.377,0.789205,0.258996,16,O1_V
29,ENV_17_O1_R_20_,ATEKLWVTVY,HLA-A*01:01,0.596,2.957,0.975932,0.88951,0.05,O1_V
30,ENV_17_O1_R_20_,TEKLWVTVYY,HLA-A*01:01,0.059,2.92,0.975281,0.351438,4,O1_V
0,ENV_17_O2_G_20_,MRVKEKYQHL,HLA-A*01:01,0.019,1.452,0.949947,0.269038,16,O2_V
1,ENV_17_O2_G_20_,RVKEKYQHLW,HLA-A*01:01,0.049,1.301,0.82699,0.267598,16,O2_V
2,ENV_17_O2_G_20_,VKEKYQHLWR,HLA-A*01:01,0.025,1.584,0.213814,0.112708,50,O2_V
3,ENV_17_O2_G_20_,KEKYQHLWRW,HLA-A*01:01,0.019,0.901,0.801785,0.221927,32,O2_V
4,ENV_17_O2_G_20_,EKYQHLWRWG,HLA-A*01:01,0.009,-1.262,0.022598,-0.017465,50,O2_V
5,ENV_17_O2_G_20_,KYQHLWRWGW,HLA-A*01:01,0.029,1.057,0.6492,0.201495,32,O2_V
6,ENV_17_O2_G_20_,YQHLWRWGWK,HLA-A*01:01,0.046,0.651,0.293417,0.128294,50,O2_V
7,ENV_17_O2_G_20_,QHLWRWGWKG,HLA-A*01:01,0.013,-1.409,0.294227,0.043976,50,O2_V
8,ENV_17_O2_G_20_,HLWRWGWKGG,HLA-A*01:01,0.032,-1.344,0.022955,0.003565,50,O2_V
9,ENV_17_O2_G_20_,LWRWGWKGGT,HLA-A*01:01,0.015,-0.429,0.140489,0.035885,50,O2_V
10,ENV_17_O2_G_20_,WRWGWKGGTM,HLA-A*01:01,0.036,0.704,0.248452,0.109502,50,O2_V
11,ENV_17_O2_G_20_,RWGWKGGTML,HLA-A*01:01,0.026,1.226,0.740173,0.223189,32,O2_V
12,ENV_17_O2_G_20_,WGWKGGTMLL,HLA-A*01:01,0.066,0.965,0.946522,0.303092,8,O2_V
13,ENV_17_O2_G_20_,GWKGGTMLLG,HLA-A*01:01,0.018,-1.386,0.023856,-0.011282,50,O2_V
14,ENV_17_O2_G_20_,WKGGTMLLGI,HLA-A*01:01,0.037,0.364,0.041661,0.055474,50,O2_V
15,ENV_17_O2_G_20_,KGGTMLLGIL,HLA-A*01:01,0.03,0.576,0.309905,0.114129,50,O2_V
16,ENV_17_O2_G_20_,GGTMLLGILM,HLA-A*01:01,0.054,-0.076,0.318084,0.123669,50,O2_V
17,ENV_17_O2_G_20_,GTMLLGILMI,HLA-A*01:01,0.198,0.369,0.906873,0.411271,3,O2_V
18,ENV_17_O2_G_20_,TMLLGILMIC,HLA-A*01:01,0.034,0.103,0.09117,0.057088,50,O2_V
19,ENV_17_O2_G_20_,MLLGILMICS,HLA-A*01:01,0.039,-2.151,0.026606,-0.008789,50,O2_V
20,ENV_17_O2_G_20_,LLGILMICSA,HLA-A*01:01,0.061,-0.639,0.084304,0.063993,50,O2_V
21,ENV_17_O2_G_20_,LGILMICSAT,HLA-A*01:01,0.027,-0.851,0.029957,0.012465,50,O2_V
22,ENV_17_O2_G_20_,GILMICSATE,HLA-A*01:01,0.017,-1.55,0.033713,-0.014165,50,O2_V
23,ENV_17_O2_G_20_,ILMICSATEK,HLA-A*01:01,0.062,0.542,0.145802,0.108355,50,O2_V
24,ENV_17_O2_G_20_,LMICSATEKL,HLA-A*01:01,0.06,1.158,0.161066,0.12519,50,O2_V
25,ENV_17_O2_G_20_,MICSATEKLW,HLA-A*01:01,0.068,1.117,0.081932,0.11436,50,O2_V
26,ENV_17_O2_G_20_,ICSATEKLWV,HLA-A*01:01,0.064,0.39,0.050505,0.085114,50,O2_V
27,ENV_17_O2_G_20_,CSATEKLWVT,HLA-A*01:01,0.123,-0.68,0.062868,0.120145,50,O2_V
28,ENV_17_O2_G_20_,SATEKLWVTV,HLA-A*01:01,0.072,0.377,0.789205,0.258996,16,O2_V
29,ENV_17_O2_G_20_,ATEKLWVTVY,HLA-A*01:01,0.596,2.957,0.975932,0.88951,0.05,O2_V
30,ENV_17_O2_G_20_,TEKLWVTVYY,HLA-A*01:01,0.059,2.92,0.975281,0.351438,4,O2_V
0,ENV_17_V_W_20_O,MRVKEKYQHL,HLA-A*01:01,0.019,1.452,0.890125,0.255578,32,V_O1
1,ENV_17_V_W_20_O,RVKEKYQHLW,HLA-A*01:01,0.049,1.301,0.718232,0.243127,32,V_O1
2,ENV_17_V_W_20_O,VKEKYQHLWR,HLA-A*01:01,0.025,1.584,0.174745,0.103918,50,V_O1
3,ENV_17_V_W_20_O,KEKYQHLWRW,HLA-A*01:01,0.019,0.901,0.655488,0.18901,32,V_O1
4,ENV_17_V_W_20_O,EKYQHLWRWG,HLA-A*01:01,0.009,-1.262,0.022768,-0.017427,50,V_O1
5,ENV_17_V_W_20_O,KYQHLWRWGW,HLA-A*01:01,0.029,1.057,0.469727,0.161114,50,V_O1
6,ENV_17_V_W_20_O,YQHLWRWGWK,HLA-A*01:01,0.046,0.651,0.209918,0.109507,50,V_O1
7,ENV_17_V_W_20_O,QHLWRWGWKW,HLA-A*01:01,0.025,0.871,0.963017,0.263454,16,V_O1
8,ENV_17_V_W_20_O,HLWRWGWKWG,HLA-A*01:01,0.04,-1.344,0.022696,0.011507,50,V_O1
9,ENV_17_V_W_20_O,LWRWGWKWGT,HLA-A*01:01,0.018,-0.429,0.142457,0.039328,50,V_O1
10,ENV_17_V_W_20_O,WRWGWKWGTT,HLA-A*01:01,0.02,-0.306,0.027643,0.01857,50,V_O1
11,ENV_17_V_W_20_O,RWGWKWGTTL,HLA-A*01:01,0.027,1.226,0.819974,0.242144,32,V_O1
12,ENV_17_V_W_20_O,WGWKWGTTLL,HLA-A*01:01,0.069,0.965,0.943217,0.305349,7,V_O1
13,ENV_17_V_W_20_O,GWKWGTTLLG,HLA-A*01:01,0.016,-1.386,0.049457,-0.007522,50,V_O1
14,ENV_17_V_W_20_O,WKWGTTLLGI,HLA-A*01:01,0.045,0.699,0.051108,0.073974,50,V_O1
15,ENV_17_V_W_20_O,KWGTTLLGIL,HLA-A*01:01,0.031,1.089,0.351087,0.13722,50,V_O1
16,ENV_17_V_W_20_O,WGTTLLGILM,HLA-A*01:01,0.084,0.076,0.514208,0.201597,32,V_O1
17,ENV_17_V_W_20_O,GTTLLGILMI,HLA-A*01:01,0.172,0.242,0.84472,0.368112,4,V_O1
18,ENV_17_V_W_20_O,TTLLGILMIC,HLA-A*01:01,0.068,-0.04,0.081455,0.085327,50,V_O1
19,ENV_17_V_W_20_O,TLLGILMICS,HLA-A*01:01,0.036,-2.219,0.026606,-0.013489,50,V_O1
20,ENV_17_V_W_20_O,LLGILMICSA,HLA-A*01:01,0.061,-0.665,0.084304,0.063343,50,V_O1
21,ENV_17_V_W_20_O,LGILMICSAT,HLA-A*01:01,0.027,-0.851,0.029957,0.012465,50,V_O1
22,ENV_17_V_W_20_O,GILMICSATE,HLA-A*01:01,0.017,-1.55,0.033713,-0.014165,50,V_O1
23,ENV_17_V_W_20_O,ILMICSATEK,HLA-A*01:01,0.062,0.542,0.145802,0.108355,50,V_O1
24,ENV_17_V_W_20_O,LMICSATEKL,HLA-A*01:01,0.06,1.158,0.161066,0.12519,50,V_O1
25,ENV_17_V_W_20_O,MICSATEKLW,HLA-A*01:01,0.068,1.117,0.081932,0.11436,50,V_O1
26,ENV_17_V_W_20_O,ICSATEKLWV,HLA-A*01:01,0.064,0.39,0.050505,0.085114,50,V_O1
27,ENV_17_V_W_20_O,CSATEKLWVT,HLA-A*01:01,0.123,-0.68,0.062868,0.120145,50,V_O1
28,ENV_17_V_W_20_O,SATEKLWVTV,HLA-A*01:01,0.072,0.377,0.789205,0.258996,16,V_O1
29,ENV_17_V_W_20_O,ATEKLWVTVY,HLA-A*01:01,0.596,2.957,0.975932,0.88951,0.05,V_O1
30,ENV_17_V_W_20_O,TEKLWVTVYY,HLA-A*01:01,0.059,2.92,0.975281,0.351438,4,V_O1
0,ENV_17_O1_R_20_,MRVKEKYQHL,HLA-A*01:01,0.019,1.452,0.900103,0.257823,16,O1_O1
1,ENV_17_O1_R_20_,RVKEKYQHLW,HLA-A*01:01,0.049,1.301,0.762268,0.253035,32,O1_O1
2,ENV_17_O1_R_20_,VKEKYQHLWR,HLA-A*01:01,0.025,1.584,0.264012,0.124003,50,O1_O1
3,ENV_17_O1_R_20_,KEKYQHLWRW,HLA-A*01:01,0.019,0.901,0.752053,0.210737,32,O1_O1
4,ENV_17_O1_R_20_,EKYQHLWRWG,HLA-A*01:01,0.009,-1.262,0.022635,-0.017457,50,O1_O1
5,ENV_17_O1_R_20_,KYQHLWRWGW,HLA-A*01:01,0.029,1.057,0.732481,0.220233,32,O1_O1
6,ENV_17_O1_R_20_,YQHLWRWGWK,HLA-A*01:01,0.046,0.651,0.449089,0.16332,50,O1_O1
7,ENV_17_O1_R_20_,QHLWRWGWKR,HLA-A*01:01,0.015,1.471,0.903644,0.255095,32,O1_O1
8,ENV_17_O1_R_20_,HLWRWGWKRG,HLA-A*01:01,0.036,-1.344,0.025981,0.008246,50,O1_O1
9,ENV_17_O1_R_20_,LWRWGWKRGT,HLA-A*01:01,0.013,-0.429,0.073639,0.018844,50,O1_O1
10,ENV_17_O1_R_20_,WRWGWKRGTT,HLA-A*01:01,0.017,-0.306,0.026356,0.01528,50,O1_O1
11,ENV_17_O1_R_20_,RWGWKRGTTL,HLA-A*01:01,0.023,1.226,0.767522,0.226342,32,O1_O1
12,ENV_17_O1_R_20_,WGWKRGTTLL,HLA-A*01:01,0.052,0.965,0.922267,0.283635,16,O1_O1
13,ENV_17_O1_R_20_,GWKRGTTLLG,HLA-A*01:01,0.015,-1.386,0.027824,-0.01339,50,O1_O1
14,ENV_17_O1_R_20_,WKRGTTLLGI,HLA-A*01:01,0.029,0.576,0.137625,0.074366,50,O1_O1
15,ENV_17_O1_R_20_,KRGTTLLGIL,HLA-A*01:01,0.02,1.049,0.532633,0.166067,50,O1_O1
16,ENV_17_O1_R_20_,RGTTLLGILM,HLA-A*01:01,0.057,0.347,0.514208,0.181372,32,O1_O1
17,ENV_17_O1_R_20_,GTTLLGILMI,HLA-A*01:01,0.172,0.43,0.84472,0.372812,3,O1_O1
18,ENV_17_O1_R_20_,TTLLGILMIC,HLA-A*01:01,0.068,-0.04,0.081455,0.085327,50,O1_O1
19,ENV_17_O1_R_20_,TLLGILMICS,HLA-A*01:01,0.036,-2.219,0.026606,-0.013489,50,O1_O1
20,ENV_17_O1_R_20_,LLGILMICSA,HLA-A*01:01,0.061,-0.665,0.084304,0.063343,50,O1_O1
21,ENV_17_O1_R_20_,LGILMICSAT,HLA-A*01:01,0.027,-0.851,0.029957,0.012465,50,O1_O1
22,ENV_17_O1_R_20_,GILMICSATE,HLA-A*01:01,0.017,-1.55,0.033713,-0.014165,50,O1_O1
23,ENV_17_O1_R_20_,ILMICSATEK,HLA-A*01:01,0.062,0.542,0.145802,0.108355,50,O1_O1
24,ENV_17_O1_R_20_,LMICSATEKL,HLA-A*01:01,0.06,1.158,0.161066,0.12519,50,O1_O1
25,ENV_17_O1_R_20_,MICSATEKLW,HLA-A*01:01,0.068,1.117,0.081932,0.11436,50,O1_O1
26,ENV_17_O1_R_20_,ICSATEKLWV,HLA-A*01:01,0.064,0.39,0.050505,0.085114,50,O1_O1
27,ENV_17_O1_R_20_,CSATEKLWVT,HLA-A*01:01,0.123,-0.68,0.062868,0.120145,50,O1_O1
28,ENV_17_O1_R_20_,SATEKLWVTV,HLA-A*01:01,0.072,0.377,0.789205,0.258996,16,O1_O1
29,ENV_17_O1_R_20_,ATEKLWVTVY,HLA-A*01:01,0.596,2.957,0.975932,0.88951,0.05,O1_O1
30,ENV_17_O1_R_20_,TEKLWVTVYY,HLA-A*01:01,0.059,2.92,0.975281,0.351438,4,O1_O1
0,ENV_17_O2_G_20_,MRVKEKYQHL,HLA-A*01:01,0.019,1.452,0.949947,0.269038,16,O2_O1
1,ENV_17_O2_G_20_,RVKEKYQHLW,HLA-A*01:01,0.049,1.301,0.82699,0.267598,16,O2_O1
2,ENV_17_O2_G_20_,VKEKYQHLWR,HLA-A*01:01,0.025,1.584,0.248298,0.120467,50,O2_O1
3,ENV_17_O2_G_20_,KEKYQHLWRW,HLA-A*01:01,0.019,0.901,0.81655,0.225249,32,O2_O1
4,ENV_17_O2_G_20_,EKYQHLWRWG,HLA-A*01:01,0.009,-1.262,0.022789,-0.017422,50,O2_O1
5,ENV_17_O2_G_20_,KYQHLWRWGW,HLA-A*01:01,0.029,1.057,0.696039,0.212034,32,O2_O1
6,ENV_17_O2_G_20_,YQHLWRWGWK,HLA-A*01:01,0.046,0.651,0.319472,0.134156,50,O2_O1
7,ENV_17_O2_G_20_,QHLWRWGWKG,HLA-A*01:01,0.013,-1.409,0.521048,0.095011,50,O2_O1
8,ENV_17_O2_G_20_,HLWRWGWKGG,HLA-A*01:01,0.032,-1.344,0.023449,0.003676,50,O2_O1
9,ENV_17_O2_G_20_,LWRWGWKGGT,HLA-A*01:01,0.015,-0.429,0.11293,0.029684,50,O2_O1
10,ENV_17_O2_G_20_,WRWGWKGGTT,HLA-A*01:01,0.017,-0.306,0.027516,0.015541,50,O2_O1
11,ENV_17_O2_G_20_,RWGWKGGTTL,HLA-A*01:01,0.023,1.226,0.875626,0.250666,32,O2_O1
12,ENV_17_O2_G_20_,WGWKGGTTLL,HLA-A*01:01,0.051,0.965,0.953151,0.289584,10,O2_O1
13,ENV_17_O2_G_20_,GWKGGTTLLG,HLA-A*01:01,0.015,-1.386,0.027221,-0.013525,50,O2_O1
14,ENV_17_O2_G_20_,WKGGTTLLGI,HLA-A*01:01,0.038,0.364,0.049065,0.05814,50,O2_O1
15,ENV_17_O2_G_20_,KGGTTLLGIL,HLA-A*01:01,0.028,0.576,0.570454,0.170752,50,O2_O1
16,ENV_17_O2_G_20_,GGTTLLGILM,HLA-A*01:01,0.053,-0.076,0.514208,0.166797,50,O2_O1
17,ENV_17_O2_G_20_,GTTLLGILMI,HLA-A*01:01,0.172,0.268,0.84472,0.368762,4,O2_O1
18,ENV_17_O2_G_20_,TTLLGILMIC,HLA-A*01:01,0.068,-0.04,0.081455,0.085327,50,O2_O1
19,ENV_17_O2_G_20_,TLLGILMICS,HLA-A*01:01,0.036,-2.219,0.026606,-0.013489,50,O2_O1
20,ENV_17_O2_G_20_,LLGILMICSA,HLA-A*01:01,0.061,-0.665,0.084304,0.063343,50,O2_O1
21,ENV_17_O2_G_20_,LGILMICSAT,HLA-A*01:01,0.027,-0.851,0.029957,0.012465,50,O2_O1
22,ENV_17_O2_G_20_,GILMICSATE,HLA-A*01:01,0.017,-1.55,0.033713,-0.014165,50,O2_O1
23,ENV_17_O2_G_20_,ILMICSATEK,HLA-A*01:01,0.062,0.542,0.145802,0.108355,50,O2_O1
24,ENV_17_O2_G_20_,LMICSATEKL,HLA-A*01:01,0.06,1.158,0.161066,0.12519,50,O2_O1
25,ENV_17_O2_G_20_,MICSATEKLW,HLA-A*01:01,0.068,1.117,0.081932,0.11436,50,O2_O1
26,ENV_17_O2_G_20_,ICSATEKLWV,HLA-A*01:01,0.064,0.39,0.050505,0.085114,50,O2_O1
27,ENV_17_O2_G_20_,CSATEKLWVT,HLA-A*01:01,0.123,-0.68,0.062868,0.120145,50,O2_O1
28,ENV_17_O2_G_20_,SATEKLWVTV,HLA-A*01:01,0.072,0.377,0.789205,0.258996,16,O2_O1
29,ENV_17_O2_G_20_,ATEKLWVTVY,HLA-A*01:01,0.596,2.957,0.975932,0.88951,0.05,O2_O1
30,ENV_17_O2_G_20_,TEKLWVTVYY,HLA-A*01:01,0.059,2.92,0.975281,0.351438,4,O2_O1
0,ENV_17_V_W_20_O,MRVKEKYQHL,HLA-A*01:01,0.019,1.452,0.890125,0.255578,32,V_O2
1,ENV_17_V_W_20_O,RVKEKYQHLW,HLA-A*01:01,0.049,1.301,0.718232,0.243127,32,V_O2
2,ENV_17_V_W_20_O,VKEKYQHLWR,HLA-A*01:01,0.025,1.584,0.223476,0.114882,50,V_O2
3,ENV_17_V_W_20_O,KEKYQHLWRW,HLA-A*01:01,0.019,0.901,0.554022,0.16618,50,V_O2
4,ENV_17_V_W_20_O,EKYQHLWRWG,HLA-A*01:01,0.009,-1.262,0.02259,-0.017467,50,V_O2
5,ENV_17_V_W_20_O,KYQHLWRWGW,HLA-A*01:01,0.029,1.057,0.479233,0.163252,50,V_O2
6,ENV_17_V_W_20_O,YQHLWRWGWK,HLA-A*01:01,0.046,0.651,0.275672,0.124301,50,V_O2
7,ENV_17_V_W_20_O,QHLWRWGWKW,HLA-A*01:01,0.025,0.871,0.947472,0.259956,16,V_O2
8,ENV_17_V_W_20_O,HLWRWGWKWG,HLA-A*01:01,0.04,-1.344,0.023045,0.011585,50,V_O2
9,ENV_17_V_W_20_O,LWRWGWKWGT,HLA-A*01:01,0.018,-0.429,0.160875,0.043472,50,V_O2
10,ENV_17_V_W_20_O,WRWGWKWGTL,HLA-A*01:01,0.039,1.354,0.533186,0.192817,32,V_O2
11,ENV_17_V_W_20_O,RWGWKWGTLL,HLA-A*01:01,0.036,1.226,0.615713,0.205185,32,V_O2
12,ENV_17_V_W_20_O,WGWKWGTLLL,HLA-A*01:01,0.104,0.965,0.925148,0.336283,5,V_O2
13,ENV_17_V_W_20_O,GWKWGTLLLG,HLA-A*01:01,0.019,-1.386,0.039318,-0.006803,50,V_O2
14,ENV_17_V_W_20_O,WKWGTLLLGI,HLA-A*01:01,0.045,0.699,0.045123,0.072628,50,V_O2
15,ENV_17_V_W_20_O,KWGTLLLGIL,HLA-A*01:01,0.032,1.089,0.35993,0.140209,50,V_O2
16,ENV_17_V_W_20_O,WGTLLLGILM,HLA-A*01:01,0.084,0.076,0.442852,0.185542,32,V_O2
17,ENV_17_V_W_20_O,GTLLLGILMI,HLA-A*01:01,0.134,0.296,0.939032,0.352682,4,V_O2
18,ENV_17_V_W_20_O,TLLLGILMIC,HLA-A*01:01,0.034,0.001,0.085606,0.053286,50,V_O2
19,ENV_17_V_W_20_O,LLLGILMICS,HLA-A*01:01,0.036,-2.194,0.026606,-0.012864,50,V_O2
20,ENV_17_V_W_20_O,LLGILMICSA,HLA-A*01:01,0.061,-0.627,0.084304,0.064293,50,V_O2
21,ENV_17_V_W_20_O,LGILMICSAT,HLA-A*01:01,0.027,-0.851,0.029957,0.012465,50,V_O2
22,ENV_17_V_W_20_O,GILMICSATE,HLA-A*01:01,0.017,-1.55,0.033713,-0.014165,50,V_O2
23,ENV_17_V_W_20_O,ILMICSATEK,HLA-A*01:01,0.062,0.542,0.145802,0.108355,50,V_O2
24,ENV_17_V_W_20_O,LMICSATEKL,HLA-A*01:01,0.06,1.158,0.161066,0.12519,50,V_O2
25,ENV_17_V_W_20_O,MICSATEKLW,HLA-A*01:01,0.068,1.117,0.081932,0.11436,50,V_O2
26,ENV_17_V_W_20_O,ICSATEKLWV,HLA-A*01:01,0.064,0.39,0.050505,0.085114,50,V_O2
27,ENV_17_V_W_20_O,CSATEKLWVT,HLA-A*01:01,0.123,-0.68,0.062868,0.120145,50,V_O2
28,ENV_17_V_W_20_O,SATEKLWVTV,HLA-A*01:01,0.072,0.377,0.789205,0.258996,16,V_O2
29,ENV_17_V_W_20_O,ATEKLWVTVY,HLA-A*01:01,0.596,2.957,0.975932,0.88951,0.05,V_O2
30,ENV_17_V_W_20_O,TEKLWVTVYY,HLA-A*01:01,0.059,2.92,0.975281,0.351438,4,V_O2
0,ENV_17_O1_R_20_,MRVKEKYQHL,HLA-A*01:01,0.019,1.452,0.900103,0.257823,16,O1_O2
1,ENV_17_O1_R_20_,RVKEKYQHLW,HLA-A*01:01,0.049,1.301,0.762268,0.253035,32,O1_O2
2,ENV_17_O1_R_20_,VKEKYQHLWR,HLA-A*01:01,0.025,1.584,0.30064,0.132244,50,O1_O2
3,ENV_17_O1_R_20_,KEKYQHLWRW,HLA-A*01:01,0.019,0.901,0.681762,0.194921,32,O1_O2
4,ENV_17_O1_R_20_,EKYQHLWRWG,HLA-A*01:01,0.009,-1.262,0.022514,-0.017484,50,O1_O2
5,ENV_17_O1_R_20_,KYQHLWRWGW,HLA-A*01:01,0.029,1.057,0.736746,0.221193,32,O1_O2
6,ENV_17_O1_R_20_,YQHLWRWGWK,HLA-A*01:01,0.046,0.651,0.537874,0.183297,32,O1_O2
7,ENV_17_O1_R_20_,QHLWRWGWKR,HLA-A*01:01,0.015,1.471,0.84879,0.242753,32,O1_O2
8,ENV_17_O1_R_20_,HLWRWGWKRG,HLA-A*01:01,0.036,-1.344,0.026961,0.008466,50,O1_O2
9,ENV_17_O1_R_20_,LWRWGWKRGT,HLA-A*01:01,0.013,-0.429,0.081565,0.020627,50,O1_O2
10,ENV_17_O1_R_20_,WRWGWKRGTL,HLA-A*01:01,0.032,1.354,0.448801,0.16683,50,O1_O2
11,ENV_17_O1_R_20_,RWGWKRGTLL,HLA-A*01:01,0.031,1.226,0.518574,0.178329,32,O1_O2
12,ENV_17_O1_R_20_,WGWKRGTLLL,HLA-A*01:01,0.08,0.965,0.887941,0.303912,8,O1_O2
13,ENV_17_O1_R_20_,GWKRGTLLLG,HLA-A*01:01,0.018,-1.386,0.025427,-0.010929,50,O1_O2
14,ENV_17_O1_R_20_,WKRGTLLLGI,HLA-A*01:01,0.03,0.576,0.094696,0.065707,50,O1_O2
15,ENV_17_O1_R_20_,KRGTLLLGIL,HLA-A*01:01,0.022,1.049,0.533617,0.168289,50,O1_O2
16,ENV_17_O1_R_20_,RGTLLLGILM,HLA-A*01:01,0.059,0.347,0.442852,0.167317,50,O1_O2
17,ENV_17_O1_R_20_,GTLLLGILMI,HLA-A*01:01,0.134,0.484,0.939032,0.357382,4,O1_O2
18,ENV_17_O1_R_20_,TLLLGILMIC,HLA-A*01:01,0.034,0.001,0.085606,0.053286,50,O1_O2
19,ENV_17_O1_R_20_,LLLGILMICS,HLA-A*01:01,0.036,-2.194,0.026606,-0.012864,50,O1_O2
20,ENV_17_O1_R_20_,LLGILMICSA,HLA-A*01:01,0.061,-0.627,0.084304,0.064293,50,O1_O2
21,ENV_17_O1_R_20_,LGILMICSAT,HLA-A*01:01,0.027,-0.851,0.029957,0.012465,50,O1_O2
22,ENV_17_O1_R_20_,GILMICSATE,HLA-A*01:01,0.017,-1.55,0.033713,-0.014165,50,O1_O2
23,ENV_17_O1_R_20_,ILMICSATEK,HLA-A*01:01,0.062,0.542,0.145802,0.108355,50,O1_O2
24,ENV_17_O1_R_20_,LMICSATEKL,HLA-A*01:01,0.06,1.158,0.161066,0.12519,50,O1_O2
25,ENV_17_O1_R_20_,MICSATEKLW,HLA-A*01:01,0.068,1.117,0.081932,0.11436,50,O1_O2
26,ENV_17_O1_R_20_,ICSATEKLWV,HLA-A*01:01,0.064,0.39,0.050505,0.085114,50,O1_O2
27,ENV_17_O1_R_20_,CSATEKLWVT,HLA-A*01:01,0.123,-0.68,0.062868,0.120145,50,O1_O2
28,ENV_17_O1_R_20_,SATEKLWVTV,HLA-A*01:01,0.072,0.377,0.789205,0.258996,16,O1_O2
29,ENV_17_O1_R_20_,ATEKLWVTVY,HLA-A*01:01,0.596,2.957,0.975932,0.88951,0.05,O1_O2
30,ENV_17_O1_R_20_,TEKLWVTVYY,HLA-A*01:01,0.059,2.92,0.975281,0.351438,4,O1_O2
0,ENV_17_O2_G_20_,MRVKEKYQHL,HLA-A*01:01,0.019,1.452,0.949947,0.269038,16,O2_O2
1,ENV_17_O2_G_20_,RVKEKYQHLW,HLA-A*01:01,0.049,1.301,0.82699,0.267598,16,O2_O2
2,ENV_17_O2_G_20_,VKEKYQHLWR,HLA-A*01:01,0.025,1.584,0.291438,0.130174,50,O2_O2
3,ENV_17_O2_G_20_,KEKYQHLWRW,HLA-A*01:01,0.019,0.901,0.752559,0.210851,32,O2_O2
4,ENV_17_O2_G_20_,EKYQHLWRWG,HLA-A*01:01,0.009,-1.262,0.022647,-0.017454,50,O2_O2
5,ENV_17_O2_G_20_,KYQHLWRWGW,HLA-A*01:01,0.029,1.057,0.703983,0.213821,32,O2_O2
6,ENV_17_O2_G_20_,YQHLWRWGWK,HLA-A*01:01,0.046,0.651,0.402851,0.152916,50,O2_O2
7,ENV_17_O2_G_20_,QHLWRWGWKG,HLA-A*01:01,0.013,-1.409,0.393409,0.066292,50,O2_O2
8,ENV_17_O2_G_20_,HLWRWGWKGG,HLA-A*01:01,0.032,-1.344,0.024023,0.003805,50,O2_O2
9,ENV_17_O2_G_20_,LWRWGWKGGT,HLA-A*01:01,0.015,-0.429,0.124566,0.032302,50,O2_O2
10,ENV_17_O2_G_20_,WRWGWKGGTL,HLA-A*01:01,0.032,1.354,0.505883,0.179674,32,O2_O2
11,ENV_17_O2_G_20_,RWGWKGGTLL,HLA-A*01:01,0.031,1.226,0.726272,0.225061,32,O2_O2
12,ENV_17_O2_G_20_,WGWKGGTLLL,HLA-A*01:01,0.08,0.965,0.937501,0.315063,7,O2_O2
13,ENV_17_O2_G_20_,GWKGGTLLLG,HLA-A*01:01,0.018,-1.386,0.025066,-0.01101,50,O2_O2
14,ENV_17_O2_G_20_,WKGGTLLLGI,HLA-A*01:01,0.039,0.364,0.044431,0.058097,50,O2_O2
15,ENV_17_O2_G_20_,KGGTLLLGIL,HLA-A*01:01,0.031,0.576,0.569713,0.173585,50,O2_O2
16,ENV_17_O2_G_20_,GGTLLLGILM,HLA-A*01:01,0.054,-0.076,0.442852,0.151742,50,O2_O2
17,ENV_17_O2_G_20_,GTLLLGILMI,HLA-A*01:01,0.134,0.322,0.939032,0.353332,4,O2_O2
18,ENV_17_O2_G_20_,TLLLGILMIC,HLA-A*01:01,0.034,0.001,0.085606,0.053286,50,O2_O2
19,ENV_17_O2_G_20_,LLLGILMICS,HLA-A*01:01,0.036,-2.194,0.026606,-0.012864,50,O2_O2
20,ENV_17_O2_G_20_,LLGILMICSA,HLA-A*01:01,0.061,-0.627,0.084304,0.064293,50,O2_O2
21,ENV_17_O2_G_20_,LGILMICSAT,HLA-A*01:01,0.027,-0.851,0.029957,0.012465,50,O2_O2
22,ENV_17_O2_G_20_,GILMICSATE,HLA-A*01:01,0.017,-1.55,0.033713,-0.014165,50,O2_O2
23,ENV_17_O2_G_20_,ILMICSATEK,HLA-A*01:01,0.062,0.542,0.145802,0.108355,50,O2_O2
24,ENV_17_O2_G_20_,LMICSATEKL,HLA-A*01:01,0.06,1.158,0.161066,0.12519,50,O2_O2
25,ENV_17_O2_G_20_,MICSATEKLW,HLA-A*01:01,0.068,1.117,0.081932,0.11436,50,O2_O2
26,ENV_17_O2_G_20_,ICSATEKLWV,HLA-A*01:01,0.064,0.39,0.050505,0.085114,50,O2_O2
27,ENV_17_O2_G_20_,CSATEKLWVT,HLA-A*01:01,0.123,-0.68,0.062868,0.120145,50,O2_O2
28,ENV_17_O2_G_20_,SATEKLWVTV,HLA-A*01:01,0.072,0.377,0.789205,0.258996,16,O2_O2
29,ENV_17_O2_G_20_,ATEKLWVTVY,HLA-A*01:01,0.596,2.957,0.975932,0.88951,0.05,O2_O2
30,ENV_17_O2_G_20_,TEKLWVTVYY,HLA-A*01:01,0.059,2.92,0.975281,0.351438,4,O2_O2
