N,Sequence Name,Peptide,Allele,MHC,TAP,Cle,Comb,%Rank,V_or_WT
0,VPU_71_V_M_74_V,EDSGNESEG,HLA-A*01:01,0.009,-2.046,0.042301,-0.032632,50,V_V
1,VPU_71_V_M_74_V,DSGNESEGE,HLA-A*01:01,0.018,-2.171,0.023139,-0.031069,50,V_V
2,VPU_71_V_M_74_V,SGNESEGEV,HLA-A*01:01,0.028,-0.132,0.57256,0.153526,50,V_V
3,VPU_71_V_M_74_V,GNESEGEVS,HLA-A*01:01,0.013,-2.667,0.024109,-0.04825,50,V_V
4,VPU_71_V_M_74_V,NESEGEVSA,HLA-A*01:01,0.013,-0.668,0.259539,0.054696,50,V_V
5,VPU_71_V_M_74_V,ESEGEVSAL,HLA-A*01:01,0.094,0.788,0.523708,0.231534,32,V_V
6,VPU_71_V_M_74_V,SEGEVSALV,HLA-A*01:01,0.052,-0.098,0.953673,0.264126,16,V_V
7,VPU_71_V_M_74_V,EGEVSALVE,HLA-A*01:01,0.016,-2.126,0.024397,-0.031661,50,V_V
8,VPU_71_V_M_74_V,GEVSALVEM,HLA-A*01:01,0.021,-0.099,0.876732,0.21579,32,V_V
9,VPU_71_V_M_74_V,EVSALVEMG,HLA-A*01:01,0.034,-1.495,0.029945,0.003363,50,V_V
10,VPU_71_V_M_74_V,VSALVEMGV,HLA-A*01:01,0.172,0.267,0.55671,0.303935,8,V_V
11,VPU_71_V_M_74_V,SALVEMGVE,HLA-A*01:01,0.019,-1.395,0.025198,-0.010205,50,V_V
12,VPU_71_V_M_74_V,ALVEMGVEM,HLA-A*01:01,0.047,0.6,0.915965,0.268092,16,V_V
13,VPU_71_V_M_74_V,LVEMGVEMG,HLA-A*01:01,0.048,-1.243,0.049652,0.028097,50,V_V
14,VPU_71_V_M_74_V,VEMGVEMGH,HLA-A*01:01,0.025,-0.496,0.203076,0.058292,50,V_V
15,VPU_71_V_M_74_V,EMGVEMGHH,HLA-A*01:01,0.051,-0.734,0.0733,0.049142,50,V_V
16,VPU_71_V_M_74_V,MGVEMGHHA,HLA-A*01:01,0.031,-0.844,0.107889,0.034175,50,V_V
17,VPU_71_V_M_74_V,GVEMGHHAP,HLA-A*01:01,0.033,-0.044,0.029623,0.038565,50,V_V
18,VPU_71_V_M_74_V,VEMGHHAPW,HLA-A*01:01,0.022,0.846,0.943035,0.255333,32,V_V
19,VPU_71_V_M_74_V,EMGHHAPWD,HLA-A*01:01,0.026,-2.014,0.023482,-0.019067,50,V_V
20,VPU_71_V_M_74_V,MGHHAPWDI,HLA-A*01:01,0.048,0.178,0.267605,0.112661,50,V_V
21,VPU_71_V_M_74_V,GHHAPWDID,HLA-A*01:01,0.007,-1.921,0.083186,-0.022308,50,V_V
22,VPU_71_V_M_74_V,HHAPWDIDD,HLA-A*01:01,0.015,-1.912,0.186314,0.009121,50,V_V
23,VPU_71_V_M_74_V,HAPWDIDDL,HLA-A*01:01,0.027,0.878,0.940964,0.260667,16,V_V
0,VPU_71_O1_R_74_,EDSGNESEG,HLA-A*01:01,0.009,-2.046,0.042301,-0.032632,50,O1_V
1,VPU_71_O1_R_74_,DSGNESEGE,HLA-A*01:01,0.018,-2.171,0.023139,-0.031069,50,O1_V
2,VPU_71_O1_R_74_,SGNESEGEV,HLA-A*01:01,0.028,-0.132,0.57256,0.153526,50,O1_V
3,VPU_71_O1_R_74_,GNESEGEVS,HLA-A*01:01,0.013,-2.667,0.024109,-0.04825,50,O1_V
4,VPU_71_O1_R_74_,NESEGEVSA,HLA-A*01:01,0.013,-0.668,0.342378,0.073335,50,O1_V
5,VPU_71_O1_R_74_,ESEGEVSAL,HLA-A*01:01,0.094,0.788,0.410092,0.205971,32,O1_V
6,VPU_71_O1_R_74_,SEGEVSALV,HLA-A*01:01,0.052,-0.098,0.957519,0.264992,16,O1_V
7,VPU_71_O1_R_74_,EGEVSALVE,HLA-A*01:01,0.016,-2.126,0.026702,-0.031142,50,O1_V
8,VPU_71_O1_R_74_,GEVSALVEM,HLA-A*01:01,0.021,-0.099,0.896263,0.220184,32,O1_V
9,VPU_71_O1_R_74_,EVSALVEMG,HLA-A*01:01,0.034,-1.495,0.04032,0.005697,50,O1_V
10,VPU_71_O1_R_74_,VSALVEMGV,HLA-A*01:01,0.172,0.267,0.730811,0.343107,5,O1_V
11,VPU_71_O1_R_74_,SALVEMGVE,HLA-A*01:01,0.019,-1.395,0.026395,-0.009936,50,O1_V
12,VPU_71_O1_R_74_,ALVEMGVER,HLA-A*01:01,0.03,1.78,0.725966,0.237842,32,O1_V
13,VPU_71_O1_R_74_,LVEMGVERG,HLA-A*01:01,0.041,-1.243,0.066629,0.024917,50,O1_V
14,VPU_71_O1_R_74_,VEMGVERGH,HLA-A*01:01,0.015,-0.496,0.065094,0.017246,50,O1_V
15,VPU_71_O1_R_74_,EMGVERGHH,HLA-A*01:01,0.036,-0.734,0.083867,0.03652,50,O1_V
16,VPU_71_O1_R_74_,MGVERGHHA,HLA-A*01:01,0.029,-0.844,0.264129,0.067329,50,O1_V
17,VPU_71_O1_R_74_,GVERGHHAP,HLA-A*01:01,0.03,-0.044,0.047883,0.039674,50,O1_V
18,VPU_71_O1_R_74_,VERGHHAPW,HLA-A*01:01,0.012,0.83,0.949262,0.246334,32,O1_V
19,VPU_71_O1_R_74_,ERGHHAPWD,HLA-A*01:01,0.007,-1.929,0.024673,-0.035674,50,O1_V
20,VPU_71_O1_R_74_,RGHHAPWDI,HLA-A*01:01,0.03,0.375,0.30079,0.107053,50,O1_V
21,VPU_71_O1_R_74_,GHHAPWDID,HLA-A*01:01,0.007,-1.825,0.083186,-0.019908,50,O1_V
22,VPU_71_O1_R_74_,HHAPWDIDD,HLA-A*01:01,0.015,-1.912,0.186314,0.009121,50,O1_V
23,VPU_71_O1_R_74_,HAPWDIDDL,HLA-A*01:01,0.027,0.878,0.940964,0.260667,16,O1_V
0,VPU_71_O2_L_74_,EDSGNESEG,HLA-A*01:01,0.009,-2.046,0.042301,-0.032632,50,O2_V
1,VPU_71_O2_L_74_,DSGNESEGE,HLA-A*01:01,0.018,-2.171,0.023139,-0.031069,50,O2_V
2,VPU_71_O2_L_74_,SGNESEGEV,HLA-A*01:01,0.028,-0.132,0.57256,0.153526,50,O2_V
3,VPU_71_O2_L_74_,GNESEGEVS,HLA-A*01:01,0.013,-2.667,0.024109,-0.04825,50,O2_V
4,VPU_71_O2_L_74_,NESEGEVSA,HLA-A*01:01,0.013,-0.668,0.331569,0.070903,50,O2_V
5,VPU_71_O2_L_74_,ESEGEVSAL,HLA-A*01:01,0.094,0.788,0.478785,0.221427,32,O2_V
6,VPU_71_O2_L_74_,SEGEVSALV,HLA-A*01:01,0.052,-0.098,0.958744,0.265267,16,O2_V
7,VPU_71_O2_L_74_,EGEVSALVE,HLA-A*01:01,0.016,-2.126,0.024993,-0.031527,50,O2_V
8,VPU_71_O2_L_74_,GEVSALVEM,HLA-A*01:01,0.021,-0.099,0.913853,0.224142,32,O2_V
9,VPU_71_O2_L_74_,EVSALVEMG,HLA-A*01:01,0.034,-1.495,0.035415,0.004593,50,O2_V
10,VPU_71_O2_L_74_,VSALVEMGV,HLA-A*01:01,0.172,0.267,0.737622,0.34464,5,O2_V
11,VPU_71_O2_L_74_,SALVEMGVE,HLA-A*01:01,0.019,-1.395,0.024909,-0.01027,50,O2_V
12,VPU_71_O2_L_74_,ALVEMGVEL,HLA-A*01:01,0.038,1.25,0.959065,0.28504,10,O2_V
13,VPU_71_O2_L_74_,LVEMGVELG,HLA-A*01:01,0.061,-1.243,0.050977,0.041395,50,O2_V
14,VPU_71_O2_L_74_,VEMGVELGH,HLA-A*01:01,0.028,-0.496,0.162875,0.052247,50,O2_V
15,VPU_71_O2_L_74_,EMGVELGHH,HLA-A*01:01,0.049,-0.734,0.114051,0.056311,50,O2_V
16,VPU_71_O2_L_74_,MGVELGHHA,HLA-A*01:01,0.033,-0.844,0.194599,0.055685,50,O2_V
17,VPU_71_O2_L_74_,GVELGHHAP,HLA-A*01:01,0.035,-0.044,0.046338,0.044326,50,O2_V
18,VPU_71_O2_L_74_,VELGHHAPW,HLA-A*01:01,0.015,0.799,0.950714,0.248886,32,O2_V
19,VPU_71_O2_L_74_,ELGHHAPWD,HLA-A*01:01,0.024,-2.116,0.02389,-0.023525,50,O2_V
20,VPU_71_O2_L_74_,LGHHAPWDI,HLA-A*01:01,0.04,0.135,0.246314,0.098796,50,O2_V
21,VPU_71_O2_L_74_,GHHAPWDID,HLA-A*01:01,0.007,-1.909,0.083186,-0.022008,50,O2_V
22,VPU_71_O2_L_74_,HHAPWDIDD,HLA-A*01:01,0.015,-1.912,0.186314,0.009121,50,O2_V
23,VPU_71_O2_L_74_,HAPWDIDDL,HLA-A*01:01,0.027,0.878,0.940964,0.260667,16,O2_V
0,VPU_71_V_M_74_O,EDSGNESEG,HLA-A*01:01,0.009,-2.046,0.042301,-0.032632,50,V_O1
1,VPU_71_V_M_74_O,DSGNESEGE,HLA-A*01:01,0.018,-2.171,0.023139,-0.031069,50,V_O1
2,VPU_71_V_M_74_O,SGNESEGEV,HLA-A*01:01,0.028,-0.132,0.57256,0.153526,50,V_O1
3,VPU_71_V_M_74_O,GNESEGEVS,HLA-A*01:01,0.013,-2.667,0.024109,-0.04825,50,V_O1
4,VPU_71_V_M_74_O,NESEGEVSA,HLA-A*01:01,0.013,-0.668,0.259539,0.054696,50,V_O1
5,VPU_71_V_M_74_O,ESEGEVSAL,HLA-A*01:01,0.094,0.788,0.523708,0.231534,32,V_O1
6,VPU_71_V_M_74_O,SEGEVSALV,HLA-A*01:01,0.052,-0.098,0.953673,0.264126,16,V_O1
7,VPU_71_V_M_74_O,EGEVSALVE,HLA-A*01:01,0.016,-2.126,0.024048,-0.031739,50,V_O1
8,VPU_71_V_M_74_O,GEVSALVEM,HLA-A*01:01,0.021,-0.099,0.899999,0.221025,32,V_O1
9,VPU_71_V_M_74_O,EVSALVEMG,HLA-A*01:01,0.034,-1.495,0.029783,0.003326,50,V_O1
10,VPU_71_V_M_74_O,VSALVEMGV,HLA-A*01:01,0.172,0.267,0.824223,0.364125,4,V_O1
11,VPU_71_V_M_74_O,SALVEMGVE,HLA-A*01:01,0.019,-1.395,0.024028,-0.010469,50,V_O1
12,VPU_71_V_M_74_O,ALVEMGVEM,HLA-A*01:01,0.047,0.6,0.95862,0.277689,16,V_O1
13,VPU_71_V_M_74_O,LVEMGVEMG,HLA-A*01:01,0.048,-1.243,0.047019,0.027504,50,V_O1
14,VPU_71_V_M_74_O,VEMGVEMGH,HLA-A*01:01,0.025,-0.496,0.193658,0.056173,50,V_O1
15,VPU_71_V_M_74_O,EMGVEMGHD,HLA-A*01:01,0.021,-2.014,0.02736,-0.023194,50,V_O1
16,VPU_71_V_M_74_O,MGVEMGHDA,HLA-A*01:01,0.026,-0.844,0.048172,0.015739,50,V_O1
17,VPU_71_V_M_74_O,GVEMGHDAP,HLA-A*01:01,0.023,-0.044,0.023796,0.027254,50,V_O1
18,VPU_71_V_M_74_O,VEMGHDAPW,HLA-A*01:01,0.022,0.846,0.858982,0.236421,32,V_O1
19,VPU_71_V_M_74_O,EMGHDAPWD,HLA-A*01:01,0.024,-2.014,0.023286,-0.021111,50,V_O1
20,VPU_71_V_M_74_O,MGHDAPWDI,HLA-A*01:01,0.054,0.178,0.578091,0.18852,32,V_O1
21,VPU_71_V_M_74_O,GHDAPWDID,HLA-A*01:01,0.014,-2.127,0.075841,-0.022111,50,V_O1
22,VPU_71_V_M_74_O,HDAPWDIDD,HLA-A*01:01,0.015,-2.227,0.13854,-0.009504,50,V_O1
23,VPU_71_V_M_74_O,DAPWDIDDL,HLA-A*01:01,0.016,0.653,0.93278,0.2422,32,V_O1
0,VPU_71_O1_R_74_,EDSGNESEG,HLA-A*01:01,0.009,-2.046,0.042301,-0.032632,50,O1_O1
1,VPU_71_O1_R_74_,DSGNESEGE,HLA-A*01:01,0.018,-2.171,0.023139,-0.031069,50,O1_O1
2,VPU_71_O1_R_74_,SGNESEGEV,HLA-A*01:01,0.028,-0.132,0.57256,0.153526,50,O1_O1
3,VPU_71_O1_R_74_,GNESEGEVS,HLA-A*01:01,0.013,-2.667,0.024109,-0.04825,50,O1_O1
4,VPU_71_O1_R_74_,NESEGEVSA,HLA-A*01:01,0.013,-0.668,0.342378,0.073335,50,O1_O1
5,VPU_71_O1_R_74_,ESEGEVSAL,HLA-A*01:01,0.094,0.788,0.410092,0.205971,32,O1_O1
6,VPU_71_O1_R_74_,SEGEVSALV,HLA-A*01:01,0.052,-0.098,0.957519,0.264992,16,O1_O1
7,VPU_71_O1_R_74_,EGEVSALVE,HLA-A*01:01,0.016,-2.126,0.026218,-0.031251,50,O1_O1
8,VPU_71_O1_R_74_,GEVSALVEM,HLA-A*01:01,0.021,-0.099,0.915554,0.224525,32,O1_O1
9,VPU_71_O1_R_74_,EVSALVEMG,HLA-A*01:01,0.034,-1.495,0.040555,0.00575,50,O1_O1
10,VPU_71_O1_R_74_,VSALVEMGV,HLA-A*01:01,0.172,0.267,0.918954,0.38544,3,O1_O1
11,VPU_71_O1_R_74_,SALVEMGVE,HLA-A*01:01,0.019,-1.395,0.02471,-0.010315,50,O1_O1
12,VPU_71_O1_R_74_,ALVEMGVER,HLA-A*01:01,0.03,1.78,0.880175,0.272539,16,O1_O1
13,VPU_71_O1_R_74_,LVEMGVERG,HLA-A*01:01,0.041,-1.243,0.062137,0.023906,50,O1_O1
14,VPU_71_O1_R_74_,VEMGVERGH,HLA-A*01:01,0.015,-0.496,0.060005,0.016101,50,O1_O1
15,VPU_71_O1_R_74_,EMGVERGHD,HLA-A*01:01,0.016,-2.014,0.028657,-0.027902,50,O1_O1
16,VPU_71_O1_R_74_,MGVERGHDA,HLA-A*01:01,0.024,-0.844,0.100739,0.025566,50,O1_O1
17,VPU_71_O1_R_74_,GVERGHDAP,HLA-A*01:01,0.02,-0.044,0.027463,0.025079,50,O1_O1
18,VPU_71_O1_R_74_,VERGHDAPW,HLA-A*01:01,0.012,0.83,0.888786,0.232727,32,O1_O1
19,VPU_71_O1_R_74_,ERGHDAPWD,HLA-A*01:01,0.005,-1.929,0.024363,-0.037743,50,O1_O1
20,VPU_71_O1_R_74_,RGHDAPWDI,HLA-A*01:01,0.032,0.375,0.616799,0.180155,32,O1_O1
21,VPU_71_O1_R_74_,GHDAPWDID,HLA-A*01:01,0.014,-2.031,0.075841,-0.019711,50,O1_O1
22,VPU_71_O1_R_74_,HDAPWDIDD,HLA-A*01:01,0.015,-2.227,0.13854,-0.009504,50,O1_O1
23,VPU_71_O1_R_74_,DAPWDIDDL,HLA-A*01:01,0.016,0.653,0.93278,0.2422,32,O1_O1
0,VPU_71_O2_L_74_,EDSGNESEG,HLA-A*01:01,0.009,-2.046,0.042301,-0.032632,50,O2_O1
1,VPU_71_O2_L_74_,DSGNESEGE,HLA-A*01:01,0.018,-2.171,0.023139,-0.031069,50,O2_O1
2,VPU_71_O2_L_74_,SGNESEGEV,HLA-A*01:01,0.028,-0.132,0.57256,0.153526,50,O2_O1
3,VPU_71_O2_L_74_,GNESEGEVS,HLA-A*01:01,0.013,-2.667,0.024109,-0.04825,50,O2_O1
4,VPU_71_O2_L_74_,NESEGEVSA,HLA-A*01:01,0.013,-0.668,0.331569,0.070903,50,O2_O1
5,VPU_71_O2_L_74_,ESEGEVSAL,HLA-A*01:01,0.094,0.788,0.478785,0.221427,32,O2_O1
6,VPU_71_O2_L_74_,SEGEVSALV,HLA-A*01:01,0.052,-0.098,0.958744,0.265267,16,O2_O1
7,VPU_71_O2_L_74_,EGEVSALVE,HLA-A*01:01,0.016,-2.126,0.024673,-0.031599,50,O2_O1
8,VPU_71_O2_L_74_,GEVSALVEM,HLA-A*01:01,0.021,-0.099,0.931199,0.228045,32,O2_O1
9,VPU_71_O2_L_74_,EVSALVEMG,HLA-A*01:01,0.034,-1.495,0.035733,0.004665,50,O2_O1
10,VPU_71_O2_L_74_,VSALVEMGV,HLA-A*01:01,0.172,0.267,0.917747,0.385168,3,O2_O1
11,VPU_71_O2_L_74_,SALVEMGVE,HLA-A*01:01,0.019,-1.395,0.023863,-0.010506,50,O2_O1
12,VPU_71_O2_L_74_,ALVEMGVEL,HLA-A*01:01,0.038,1.25,0.972535,0.28807,10,O2_O1
13,VPU_71_O2_L_74_,LVEMGVELG,HLA-A*01:01,0.061,-1.243,0.0489,0.040927,50,O2_O1
14,VPU_71_O2_L_74_,VEMGVELGH,HLA-A*01:01,0.028,-0.496,0.152628,0.049941,50,O2_O1
15,VPU_71_O2_L_74_,EMGVELGHD,HLA-A*01:01,0.022,-2.014,0.031447,-0.021274,50,O2_O1
16,VPU_71_O2_L_74_,MGVELGHDA,HLA-A*01:01,0.028,-0.844,0.072508,0.023214,50,O2_O1
17,VPU_71_O2_L_74_,GVELGHDAP,HLA-A*01:01,0.024,-0.044,0.026257,0.028808,50,O2_O1
18,VPU_71_O2_L_74_,VELGHDAPW,HLA-A*01:01,0.015,0.799,0.900603,0.237611,32,O2_O1
19,VPU_71_O2_L_74_,ELGHDAPWD,HLA-A*01:01,0.021,-2.116,0.023704,-0.026567,50,O2_O1
20,VPU_71_O2_L_74_,LGHDAPWDI,HLA-A*01:01,0.044,0.135,0.556538,0.172596,50,O2_O1
21,VPU_71_O2_L_74_,GHDAPWDID,HLA-A*01:01,0.014,-2.115,0.075841,-0.021811,50,O2_O1
22,VPU_71_O2_L_74_,HDAPWDIDD,HLA-A*01:01,0.015,-2.227,0.13854,-0.009504,50,O2_O1
23,VPU_71_O2_L_74_,DAPWDIDDL,HLA-A*01:01,0.016,0.653,0.93278,0.2422,32,O2_O1
0,VPU_71_V_M_74_O,EDSGNESEG,HLA-A*01:01,0.009,-2.046,0.042301,-0.032632,50,V_O2
1,VPU_71_V_M_74_O,DSGNESEGE,HLA-A*01:01,0.018,-2.171,0.023139,-0.031069,50,V_O2
2,VPU_71_V_M_74_O,SGNESEGEV,HLA-A*01:01,0.028,-0.132,0.57256,0.153526,50,V_O2
3,VPU_71_V_M_74_O,GNESEGEVS,HLA-A*01:01,0.013,-2.667,0.024109,-0.04825,50,V_O2
4,VPU_71_V_M_74_O,NESEGEVSA,HLA-A*01:01,0.013,-0.668,0.259539,0.054696,50,V_O2
5,VPU_71_V_M_74_O,ESEGEVSAL,HLA-A*01:01,0.094,0.788,0.523708,0.231534,32,V_O2
6,VPU_71_V_M_74_O,SEGEVSALV,HLA-A*01:01,0.052,-0.098,0.953673,0.264126,16,V_O2
7,VPU_71_V_M_74_O,EGEVSALVE,HLA-A*01:01,0.016,-2.126,0.024744,-0.031583,50,V_O2
8,VPU_71_V_M_74_O,GEVSALVEM,HLA-A*01:01,0.021,-0.099,0.84701,0.209102,32,V_O2
9,VPU_71_V_M_74_O,EVSALVEMG,HLA-A*01:01,0.034,-1.495,0.026939,0.002686,50,V_O2
10,VPU_71_V_M_74_O,VSALVEMGV,HLA-A*01:01,0.172,0.267,0.571175,0.307189,7,V_O2
11,VPU_71_V_M_74_O,SALVEMGVE,HLA-A*01:01,0.019,-1.395,0.023922,-0.010493,50,V_O2
12,VPU_71_V_M_74_O,ALVEMGVEM,HLA-A*01:01,0.047,0.6,0.885421,0.26122,16,V_O2
13,VPU_71_V_M_74_O,LVEMGVEMG,HLA-A*01:01,0.048,-1.243,0.060989,0.030648,50,V_O2
14,VPU_71_V_M_74_O,VEMGVEMGH,HLA-A*01:01,0.025,-0.496,0.11674,0.038867,50,V_O2
15,VPU_71_V_M_74_O,EMGVEMGHL,HLA-A*01:01,0.042,0.756,0.806515,0.242366,32,V_O2
16,VPU_71_V_M_74_O,MGVEMGHLA,HLA-A*01:01,0.049,-0.844,0.052204,0.039646,50,V_O2
17,VPU_71_V_M_74_O,GVEMGHLAP,HLA-A*01:01,0.041,-0.044,0.026859,0.045943,50,V_O2
18,VPU_71_V_M_74_O,VEMGHLAPW,HLA-A*01:01,0.027,0.846,0.894562,0.249426,32,V_O2
19,VPU_71_V_M_74_O,EMGHLAPWD,HLA-A*01:01,0.028,-2.014,0.023194,-0.017131,50,V_O2
20,VPU_71_V_M_74_O,MGHLAPWDI,HLA-A*01:01,0.047,0.178,0.383803,0.137806,50,V_O2
21,VPU_71_V_M_74_O,GHLAPWDID,HLA-A*01:01,0.006,-1.933,0.073263,-0.025841,50,V_O2
22,VPU_71_V_M_74_O,HLAPWDIDD,HLA-A*01:01,0.034,-1.9,0.296192,0.053143,50,V_O2
23,VPU_71_V_M_74_O,LAPWDIDDL,HLA-A*01:01,0.029,0.973,0.920951,0.260539,16,V_O2
0,VPU_71_O1_R_74_,EDSGNESEG,HLA-A*01:01,0.009,-2.046,0.042301,-0.032632,50,O1_O2
1,VPU_71_O1_R_74_,DSGNESEGE,HLA-A*01:01,0.018,-2.171,0.023139,-0.031069,50,O1_O2
2,VPU_71_O1_R_74_,SGNESEGEV,HLA-A*01:01,0.028,-0.132,0.57256,0.153526,50,O1_O2
3,VPU_71_O1_R_74_,GNESEGEVS,HLA-A*01:01,0.013,-2.667,0.024109,-0.04825,50,O1_O2
4,VPU_71_O1_R_74_,NESEGEVSA,HLA-A*01:01,0.013,-0.668,0.342378,0.073335,50,O1_O2
5,VPU_71_O1_R_74_,ESEGEVSAL,HLA-A*01:01,0.094,0.788,0.410092,0.205971,32,O1_O2
6,VPU_71_O1_R_74_,SEGEVSALV,HLA-A*01:01,0.052,-0.098,0.957519,0.264992,16,O1_O2
7,VPU_71_O1_R_74_,EGEVSALVE,HLA-A*01:01,0.016,-2.126,0.028208,-0.030803,50,O1_O2
8,VPU_71_O1_R_74_,GEVSALVEM,HLA-A*01:01,0.021,-0.099,0.872719,0.214887,32,O1_O2
9,VPU_71_O1_R_74_,EVSALVEMG,HLA-A*01:01,0.034,-1.495,0.032909,0.00403,50,O1_O2
10,VPU_71_O1_R_74_,VSALVEMGV,HLA-A*01:01,0.172,0.267,0.756069,0.348791,4,O1_O2
11,VPU_71_O1_R_74_,SALVEMGVE,HLA-A*01:01,0.019,-1.395,0.024259,-0.010417,50,O1_O2
12,VPU_71_O1_R_74_,ALVEMGVER,HLA-A*01:01,0.03,1.78,0.60305,0.210186,32,O1_O2
13,VPU_71_O1_R_74_,LVEMGVERG,HLA-A*01:01,0.041,-1.243,0.081652,0.028297,50,O1_O2
14,VPU_71_O1_R_74_,VEMGVERGH,HLA-A*01:01,0.015,-0.496,0.047586,0.013307,50,O1_O2
15,VPU_71_O1_R_74_,EMGVERGHL,HLA-A*01:01,0.031,0.756,0.795282,0.228838,32,O1_O2
16,VPU_71_O1_R_74_,MGVERGHLA,HLA-A*01:01,0.043,-0.844,0.107235,0.046028,50,O1_O2
17,VPU_71_O1_R_74_,GVERGHLAP,HLA-A*01:01,0.037,-0.044,0.036303,0.044068,50,O1_O2
18,VPU_71_O1_R_74_,VERGHLAPW,HLA-A*01:01,0.016,0.83,0.906159,0.240636,32,O1_O2
19,VPU_71_O1_R_74_,ERGHLAPWD,HLA-A*01:01,0.008,-1.929,0.024364,-0.034743,50,O1_O2
20,VPU_71_O1_R_74_,RGHLAPWDI,HLA-A*01:01,0.03,0.375,0.411184,0.131891,50,O1_O2
21,VPU_71_O1_R_74_,GHLAPWDID,HLA-A*01:01,0.006,-1.837,0.073263,-0.023441,50,O1_O2
22,VPU_71_O1_R_74_,HLAPWDIDD,HLA-A*01:01,0.034,-1.9,0.296192,0.053143,50,O1_O2
23,VPU_71_O1_R_74_,LAPWDIDDL,HLA-A*01:01,0.029,0.973,0.920951,0.260539,16,O1_O2
0,VPU_71_O2_L_74_,EDSGNESEG,HLA-A*01:01,0.009,-2.046,0.042301,-0.032632,50,O2_O2
1,VPU_71_O2_L_74_,DSGNESEGE,HLA-A*01:01,0.018,-2.171,0.023139,-0.031069,50,O2_O2
2,VPU_71_O2_L_74_,SGNESEGEV,HLA-A*01:01,0.028,-0.132,0.57256,0.153526,50,O2_O2
3,VPU_71_O2_L_74_,GNESEGEVS,HLA-A*01:01,0.013,-2.667,0.024109,-0.04825,50,O2_O2
4,VPU_71_O2_L_74_,NESEGEVSA,HLA-A*01:01,0.013,-0.668,0.331569,0.070903,50,O2_O2
5,VPU_71_O2_L_74_,ESEGEVSAL,HLA-A*01:01,0.094,0.788,0.478785,0.221427,32,O2_O2
6,VPU_71_O2_L_74_,SEGEVSALV,HLA-A*01:01,0.052,-0.098,0.958744,0.265267,16,O2_O2
7,VPU_71_O2_L_74_,EGEVSALVE,HLA-A*01:01,0.016,-2.126,0.025677,-0.031373,50,O2_O2
8,VPU_71_O2_L_74_,GEVSALVEM,HLA-A*01:01,0.021,-0.099,0.894215,0.219723,32,O2_O2
9,VPU_71_O2_L_74_,EVSALVEMG,HLA-A*01:01,0.034,-1.495,0.030285,0.003439,50,O2_O2
10,VPU_71_O2_L_74_,VSALVEMGV,HLA-A*01:01,0.172,0.267,0.760112,0.3497,4,O2_O2
11,VPU_71_O2_L_74_,SALVEMGVE,HLA-A*01:01,0.019,-1.395,0.023728,-0.010536,50,O2_O2
12,VPU_71_O2_L_74_,ALVEMGVEL,HLA-A*01:01,0.038,1.25,0.953189,0.283718,16,O2_O2
13,VPU_71_O2_L_74_,LVEMGVELG,HLA-A*01:01,0.061,-1.243,0.061922,0.043857,50,O2_O2
14,VPU_71_O2_L_74_,VEMGVELGH,HLA-A*01:01,0.028,-0.496,0.09316,0.036561,50,O2_O2
15,VPU_71_O2_L_74_,EMGVELGHL,HLA-A*01:01,0.044,0.756,0.893188,0.263867,16,O2_O2
16,VPU_71_O2_L_74_,MGVELGHLA,HLA-A*01:01,0.053,-0.844,0.078268,0.04951,50,O2_O2
17,VPU_71_O2_L_74_,GVELGHLAP,HLA-A*01:01,0.043,-0.044,0.035818,0.049959,50,O2_O2
18,VPU_71_O2_L_74_,VELGHLAPW,HLA-A*01:01,0.018,0.799,0.915511,0.243965,32,O2_O2
19,VPU_71_O2_L_74_,ELGHLAPWD,HLA-A*01:01,0.027,-2.116,0.023508,-0.020611,50,O2_O2
20,VPU_71_O2_L_74_,LGHLAPWDI,HLA-A*01:01,0.04,0.135,0.353469,0.122906,50,O2_O2
21,VPU_71_O2_L_74_,GHLAPWDID,HLA-A*01:01,0.006,-1.921,0.073263,-0.025541,50,O2_O2
22,VPU_71_O2_L_74_,HLAPWDIDD,HLA-A*01:01,0.034,-1.9,0.296192,0.053143,50,O2_O2
23,VPU_71_O2_L_74_,LAPWDIDDL,HLA-A*01:01,0.029,0.973,0.920951,0.260539,16,O2_O2
